Year,First Name,Last Name,Color
1950,Nino,Farina,#900000
1950,Juan,Fangio,#900000
1950,Louis,Rosier,#87CEEB
1950,Yves,Cabantous,#87CEEB
1950,Alberto,Ascari,#DC0000
1950,Peter,Whitehead,#DC0000
1950,Johnnie,Parsons,#C0C0C0
1950,Cecil,Green,#C0C0C0
1950,Bill,Holland,#00008B
1950,Mauri,Rose,#00008B
1950,Prince,Bira,#000000
1950,Louis,Chiron,#000000
1950,Robert,Manzon,#87CEEB
1950,Bob,Gerard,#00008B
1950,Cuth,Harrison,#00008B
1950,Lee,Wallard,#0000FF
1951,Juan,Fangio,#900000
1951,Nino,Farina,#900000
1951,Alberto,Ascari,#DC0000
1951,Luigi,Villoresi,#DC0000
1951,José Froilán,González,#87CEEB
1951,Louis,Rosier,#87CEEB
1951,Lee,Wallard,#C0C0C0
1951,Mike,Nazaruk,#C0C0C0
1951,Andy,Linden,#000000
1951,Bobby,Ball,#000000
1951,Louis,Chiron,#000000
1951,André,Simon,#87CEEB
1951,Robert,Manzon,#87CEEB
1951,Henry,Banks,#0000FF
1951,Peter,Walker,#FF0000
1952,Alberto,Ascari,#DC0000
1952,Nino,Farina,#DC0000
1952,Mike,Hawthorn,#93C572
1952,Alan,Brown,#93C572
1952,Robert,Manzon,#ADD8E6
1952,Jean,Behra,#ADD8E6
1952,Troy,Ruttman,#008000
1952,José Froilán,González,#000000
1952,Felice,Bonetto,#000000
1952,Jim,Rathmann,#C0C0C0
1952,Sam,Hanks,#C0C0C0
1952,Ken,Wharton,#000000
1952,Dennis,Poore,#000000
1952,Eric,Thompson,#000000
1952,Duane,Carter,#FFC0CB
1952,Maurice,Trintignant,#87CEEB
1952,Paul,Frère,#006400
1952,Roger,Laurent,#006400
1953,Alberto,Ascari,#DC0000
1953,Nino,Farina,#DC0000
1953,Juan,Fangio,#000000
1953,José Froilán,González,#000000
1953,Bill,Vukovich,#C0C0C0
1953,Art,Cross,#C0C0C0
1953,Maurice,Trintignant,#ADD8E6
1953,Jean,Behra,#ADD8E6
1953,Duane,Carter,#FFC0CB
1953,Stirling,Moss,#000000
1953,Prince,Bira,#000000
1953,Ken,Wharton,#93C572
1954,Juan,Fangio,#000000
1954,Luigi,Musso,#000000
1954,José Froilán,González,#DC0000
1954,Mike,Hawthorn,#DC0000
1954,Karl,Kling,#00D2BE
1954,Hans,Herrmann,#00D2BE
1954,Bill,Vukovich,#C0C0C0
1954,Jack,McGrath,#C0C0C0
1954,Jimmy,Bryan,#008000
1954,André,Pilette,#ADD8E6
1954,Élie,Bayol,#ADD8E6
1955,Juan,Fangio,#00D2BE
1955,Stirling,Moss,#00D2BE
1955,Eugenio,Castellotti,#39FF14
1955,Luigi,Villoresi,#39FF14
1955,Maurice,Trintignant,#DC0000
1955,Nino,Farina,#DC0000
1955,Bob,Sweikert,#C0C0C0
1955,Jimmy,Davies,#C0C0C0
1955,Roberto,Mieres,#000000
1955,Jean,Behra,#000000
1955,Johnny,Thomson,#008000
1955,Mike,Hawthorn,#006400
1955,Jacques,Pollet,#ADD8E6
1956,Juan,Fangio,#DC0000
1956,Peter,Collins,#DC0000
1956,Stirling,Moss,#000000
1956,Jean,Behra,#000000
1956,Pat,Flaherty,#FF0000
1956,Sam,Hanks,#C0C0C0
1956,Johnnie,Parsons,#C0C0C0
1956,Jack,Fairman,#000000
1956,Ron,Flockhart,#FF0000
1956,Don,Freeland,#C0C0C0
1956,Harry,Schell,#006400
1956,Hernando,da Silva Ramos,#ADD8E6
1956,Élie,Bayol,#ADD8E6
1957,Juan,Fangio,#000000
1957,Stirling,Moss,#000000
1957,Luigi,Musso,#DC0000
1957,Mike,Hawthorn,#DC0000
1957,Tony,Brooks,#006400
1957,Sam,Hanks,#FFFFFF
1957,Jim,Rathmann,#FFFFFF
1957,Stuart,Lewis-Evans,#000000
1957,Ivor,Bueb,#000000
1957,Jimmy,Bryan,#008000
1957,Paul,Russo,#C0C0C0
1957,Andy,Linden,#C0C0C0
1957,Roy,Salvadori,#FF0000
1957,Jack,Brabham,#93C572
1957,Bob,Gerard,#93C572
1958,Mike,Hawthorn,#DC0000
1958,Peter,Collins,#DC0000
1958,Stirling,Moss,#93C572
1958,Roy,Salvadori,#93C572
1958,Tony,Brooks,#006400
1958,Stuart,Lewis-Evans,#006400
1958,Harry,Schell,#000000
1958,Phil,Hill,#000000
1958,Jimmy,Bryan,#FFFFFF
1958,George,Amick,#FFFFFF
1958,Johnny,Boyd,#C0C0C0
1958,Cliff,Allison,#005700
1958,Graham,Hill,#005700
1958,Edgar,Barth,#FFFFFF
1958,Jimmy,Reece,#FF0000
1958,Don,Freeland,#C0C0C0
1959,Jack,Brabham,#00008B
1959,Stirling,Moss,#00008B
1959,Tony,Brooks,#DC0000
1959,Phil,Hill,#DC0000
1959,Jo,Bonnier,#FF0000
1959,Harry,Schell,#FF0000
1959,Rodger,Ward,#FF0000
1959,Jim,Rathmann,#FF0000
1959,Johnny,Thomson,#FFC0CB
1959,Innes,Ireland,#005700
1959,Graham,Hill,#005700
1959,Tony,Bettenhausen,#FFFFFF
1959,Paul,Goldsmith,#FFFFFF
1959,Roy,Salvadori,#8B0000
1959,Ian,Burgess,#8B0000
1959,Wolfgang,von Trips,#FFFFFF
1959,Harry,Blanchard,#FFFFFF
1959,Duane,Carter,#C0C0C0
1959,Carroll,Shelby,#006F62
1959,Giorgio,Scarlatti,#000000
1960,Jack,Brabham,#00008B
1960,Bruce,McLaren,#00008B
1960,Innes,Ireland,#005700
1960,Jim,Clark,#005700
1960,Phil,Hill,#DC0000
1960,Wolfgang,von Trips,#DC0000
1960,Jim,Rathmann,#FF0000
1960,Rodger,Ward,#FF0000
1960,Graham,Hill,#FF0000
1960,Jo,Bonnier,#FF0000
1960,Paul,Goldsmith,#FFFFFF
1960,Don,Branson,#C0C0C0
1960,Giulio,Cabianca,#8B0000
1960,Carlos,Menditeguy,#8B0000
1960,Johnny,Thomson,#FFC0CB
1960,Hans,Herrmann,#FFFFFF
1960,Edgar,Barth,#FFFFFF
1960,Eddie,Johnson,#808080
1961,Phil,Hill,#DC0000
1961,Wolfgang,von Trips,#DC0000
1961,Stirling,Moss,#228B22
1961,Innes,Ireland,#228B22
1961,Dan,Gurney,#FFFFFF
1961,Jo,Bonnier,#FFFFFF
1961,Bruce,McLaren,#00008B
1961,Jack,Brabham,#00008B
1961,Tony,Brooks,#FF0000
1961,Graham,Hill,#FF0000
1961,Olivier,Gendebien,#006400
1961,Maurice,Trintignant,#8B0000
1961,Lorenzo,Bandini,#8B0000
1962,Graham,Hill,#FF0000
1962,Richie,Ginther,#FF0000
1962,Jim,Clark,#228B22
1962,Jack,Brabham,#228B22
1962,Bruce,McLaren,#00008B
1962,Tony,Maggs,#00008B
1962,John,Surtees,#FFA500
1962,Dan,Gurney,#FFFFFF
1962,Jo,Bonnier,#FFFFFF
1962,Phil,Hill,#DC0000
1962,Giancarlo,Baghetti,#DC0000
1963,Jim,Clark,#228B22
1963,Jack,Brabham,#228B22
1963,Graham,Hill,#FF0000
1963,Richie,Ginther,#FF0000
1963,John,Surtees,#DC0000
1963,Ludovico,Scarfiotti,#DC0000
1963,Dan,Gurney,#0000FF
1963,Bruce,McLaren,#00008B
1963,Tony,Maggs,#00008B
1963,Innes,Ireland,#008000
1963,Jim,Hall,#008000
1963,Gerhard,Mitter,#FFFFFF
1963,Carel Godin,de Beaufort,#FFFFFF
1963,Chris,Amon,#FFA500
1963,Maurice,Trintignant,#FFA500
1963,Peter,Broeker,#000000
1963,Tony,Settember,#0000FF
1963,Phil,Hill,#FFFF00
1963,Doug,Serrurier,#000000
1964,John,Surtees,#DC0000
1964,Lorenzo,Bandini,#DC0000
1964,Graham,Hill,#FF0000
1964,Richie,Ginther,#FF0000
1964,Jim,Clark,#228B22
1964,Peter,Arundell,#228B22
1964,Dan,Gurney,#40E0D0
1964,Jack,Brabham,#40E0D0
1964,Bruce,McLaren,#00008B
1964,Jo,Bonnier,#00008B
1964,Jo,Siffert,#008000
1964,Innes,Ireland,#008000
1964,Trevor,Taylor,#39FF14
1964,Hap,Sharp,#00FF00
1964,Ronnie,Bucknum,#000000
1965,Jim,Clark,#228B22
1965,Mike,Spence,#228B22
1965,Graham,Hill,#FF0000
1965,Jackie,Stewart,#FF0000
1965,Dan,Gurney,#40E0D0
1965,Jack,Brabham,#40E0D0
1965,John,Surtees,#DC0000
1965,Lorenzo,Bandini,#DC0000
1965,Richie,Ginther,#000000
1965,Ronnie,Bucknum,#000000
1965,Bruce,McLaren,#00008B
1965,Jochen,Rindt,#00008B
1965,Jo,Siffert,#00FF00
1965,Frank,Gardner,#00FF00
1965,Richard,Attwood,#008000
1965,Innes,Ireland,#008000
1965,Paul,Hawkins,#FFFFFF
1965,Peter,de Klerk,#900000
1966,Jack,Brabham,#008000
1966,John,Surtees,#DC0000
1966,Mike,Parkes,#DC0000
1966,Jochen,Rindt,#8B0000
1966,Richie,Ginther,#8B0000
1966,Denny,Hulme,#40E0D0
1966,Bob,Anderson,#40E0D0
1966,Graham,Hill,#FF0000
1966,Jackie,Stewart,#FF0000
1966,Jim,Clark,#228B22
1966,Giacomo,Russo,#228B22
1966,Dan,Gurney,#00008B
1966,Mike,Spence,#008000
1966,Peter,Arundell,#008000
1966,Jo,Siffert,#00FF00
1966,John,Taylor,#00FF00
1966,Bruce,McLaren,#FFA500
1966,Ronnie,Bucknum,#000000
1966,Chris,Lawrence,#FF0000
1967,Denny,Hulme,#008000
1967,Jack,Brabham,#008000
1967,Jim,Clark,#008000
1967,Graham,Hill,#008000
1967,John,Surtees,#000000
1967,Chris,Amon,#DC0000
1967,Mike,Parkes,#DC0000
1967,Pedro,Rodríguez,#8B0000
1967,Jo,Siffert,#8B0000
1967,Dan,Gurney,#00008B
1967,Jackie,Stewart,#FF0000
1967,Mike,Spence,#FF0000
1967,John,Love,#00008B
1967,Bruce,McLaren,#FF0000
1967,Bob,Anderson,#40E0D0
1967,Dave,Charlton,#40E0D0
1967,Jacky,Ickx,#ADD8E6
1967,Jean-Pierre,Beltoise,#ADD8E6
1967,Jackie,Oliver,#008000
1968,Graham,Hill,#008000
1968,Jim,Clark,#008000
1968,Jackie,Stewart,#ADD8E6
1968,Jean-Pierre,Beltoise,#ADD8E6
1968,Denny,Hulme,#FF0000
1968,Jacky,Ickx,#DC0000
1968,Chris,Amon,#DC0000
1968,Bruce,McLaren,#FFA500
1968,Pedro,Rodríguez,#FF0000
1968,Richard,Attwood,#FF0000
1968,Jo,Siffert,#8B0000
1968,Brian,Redman,#8B0000
1968,John,Surtees,#000000
1968,David,Hobbs,#000000
1968,Jochen,Rindt,#008000
1968,Jack,Brabham,#008000
1968,Ludovico,Scarfiotti,#000000
1968,Lucien,Bianchi,#000000
1968,Dan,Gurney,#000000
1968,Henri,Pescarolo,#ADD8E6
1968,Hubert,Hahne,#FFA500
1968,Jackie,Pretorius,#40E0D0
1969,Jackie,Stewart,#ADD8E6
1969,Jean-Pierre,Beltoise,#ADD8E6
1969,Jacky,Ickx,#FFFFFF
1969,Piers,Courage,#FFFFFF
1969,Bruce,McLaren,#FFA500
1969,Denny,Hulme,#FFA500
1969,Jochen,Rindt,#008000
1969,Graham,Hill,#008000
1969,John,Surtees,#FF0000
1969,Pedro,Rodríguez,#FF0000
1969,Chris,Amon,#DC0000
1969,Vic,Elford,#8B0000
1969,Sam,Tingle,#008000
1969,Peter,de Klerk,#008000
1969,John,Cordts,#40E0D0
1970,Jochen,Rindt,#005700
1970,Emerson,Fittipaldi,#005700
1970,Jacky,Ickx,#DC0000
1970,Clay,Regazzoni,#DC0000
1970,Denny,Hulme,#FFA500
1970,Bruce,McLaren,#FFA500
1970,Jackie,Stewart,#1E90FF
1970,Chris,Amon,#1E90FF
1970,Jack,Brabham,#0000FF
1970,Rolf,Stommelen,#0000FF
1970,Pedro,Rodríguez,#FF0000
1970,Jackie,Oliver,#FF0000
1970,Jean-Pierre,Beltoise,#ADD8E6
1970,Henri,Pescarolo,#ADD8E6
1970,Andrea,de Adamich,#808080
1971,Jackie,Stewart,#0000FF
1971,François,Cevert,#0000FF
1971,Ronnie,Peterson,#FFA500
1971,Henri,Pescarolo,#FFA500
1971,Jacky,Ickx,#DC0000
1971,Clay,Regazzoni,#DC0000
1971,Jo,Siffert,#FF0000
1971,Pedro,Rodríguez,#FF0000
1971,Emerson,Fittipaldi,#008000
1971,Reine,Wisell,#008000
1971,Peter,Gethin,#FF8700
1971,Denny,Hulme,#FF8700
1971,Chris,Amon,#ADD8E6
1971,Jean-Pierre,Beltoise,#ADD8E6
1971,Tim,Schenken,#0000FF
1971,Graham,Hill,#0000FF
1971,Mike,Hailwood,#FFFF00
1971,John,Surtees,#FFFF00
1971,Andrea,de Adamich,#FF0000
1972,Emerson,Fittipaldi,#005700
1972,David,Walker,#005700
1972,Jackie,Stewart,#0000FF
1972,François,Cevert,#0000FF
1972,Denny,Hulme,#FF8700
1972,Peter,Revson,#FF8700
1972,Jacky,Ickx,#DC0000
1972,Clay,Regazzoni,#DC0000
1972,Mike,Hailwood,#FFFF00
1972,Andrea,de Adamich,#FFFF00
1972,Ronnie,Peterson,#1E90FF
1972,Carlos,Pace,#1E90FF
1972,Chris,Amon,#ADD8E6
1972,Jean-Pierre,Beltoise,#FF0000
1972,Howden,Ganley,#FF0000
1972,Graham,Hill,#0000FF
1972,Carlos,Reutemann,#0000FF
1973,Jackie,Stewart,#0000FF
1973,François,Cevert,#0000FF
1973,Emerson,Fittipaldi,#005700
1973,Ronnie,Peterson,#005700
1973,Peter,Revson,#FF8700
1973,Denny,Hulme,#FF8700
1973,Carlos,Reutemann,#0000FF
1973,Wilson,Fittipaldi,#0000FF
1973,James,Hunt,#1E90FF
1973,Mike,Beuttler,#1E90FF
1973,Jacky,Ickx,#DC0000
1973,Arturo,Merzario,#DC0000
1973,Jean-Pierre,Beltoise,#FF0000
1973,Niki,Lauda,#FF0000
1973,Carlos,Pace,#FFFF00
1973,Andrea,de Adamich,#FFFF00
1973,George,Follmer,#000000
1973,Jackie,Oliver,#000000
1973,Howden,Ganley,#FF0000
1973,Gijs,van Lennep,#FF0000
1973,Chris,Amon,#FF0000
1974,Emerson,Fittipaldi,#FF8700
1974,Denny,Hulme,#FF8700
1974,Clay,Regazzoni,#DC0000
1974,Niki,Lauda,#DC0000
1974,Jody,Scheckter,#0000FF
1974,Patrick,Depailler,#0000FF
1974,Ronnie,Peterson,#005700
1974,Jacky,Ickx,#005700
1974,Carlos,Reutemann,#0000FF
1974,John,Watson,#0000FF
1974,James,Hunt,#1E90FF
1974,Hans-Joachim,Stuck,#1E90FF
1974,Carlos,Pace,#FFFF00
1974,Jochen,Mass,#FFFF00
1974,Jean-Pierre,Beltoise,#FF0000
1974,Henri,Pescarolo,#FF0000
1974,Jean-Pierre,Jarier,#000000
1974,Brian,Redman,#000000
1974,Arturo,Merzario,#FF0000
1974,Tom,Belsø,#FF0000
1974,Graham,Hill,#FFA500
1974,Guy,Edwards,#FFA500
1974,Tom,Pryce,#008000
1974,Mario,Andretti,#FF0000
1974,Chris,Amon,#87CEEB
1975,Niki,Lauda,#DC0000
1975,Clay,Regazzoni,#DC0000
1975,Emerson,Fittipaldi,#FF8700
1975,Jochen,Mass,#FF8700
1975,Carlos,Reutemann,#0000FF
1975,Carlos,Pace,#0000FF
1975,James,Hunt,#FFFFFF
1975,Alan,Jones,#FFFFFF
1975,Jody,Scheckter,#0000FF
1975,Patrick,Depailler,#0000FF
1975,Tom,Pryce,#000000
1975,Jean-Pierre,Jarier,#000000
1975,Vittorio,Brambilla,#1E90FF
1975,Lella,Lombardi,#1E90FF
1975,Jacques,Laffite,#005AFF
1975,Tony,Brise,#005AFF
1975,Ronnie,Peterson,#005700
1975,Jacky,Ickx,#005700
1975,Mario,Andretti,#FF0000
1975,Mark,Donohue,#000000
1975,Gijs,van Lennep,#FF0000
1975,Rolf,Stommelen,#FFA500
1975,Graham,Hill,#FFA500
1975,John,Watson,#FFFF00
1975,Bob,Evans,#FF0000
1975,Wilson,Fittipaldi,#FFFF00
1976,James,Hunt,#FF8700
1976,Jochen,Mass,#FF8700
1976,Niki,Lauda,#DC0000
1976,Clay,Regazzoni,#DC0000
1976,Jody,Scheckter,#0000FF
1976,Patrick,Depailler,#0000FF
1976,Mario,Andretti,#005700
1976,Gunnar,Nilsson,#005700
1976,John,Watson,#000000
1976,Jacques,Laffite,#0000FF
1976,Tom,Pryce,#000000
1976,Jean-Pierre,Jarier,#000000
1976,Hans-Joachim,Stuck,#1E90FF
1976,Vittorio,Brambilla,#1E90FF
1976,Carlos,Pace,#FF0000
1976,Carlos,Reutemann,#FF0000
1976,Alan,Jones,#FFFF00
1976,Henri,Pescarolo,#FFFF00
1976,Emerson,Fittipaldi,#FFFF00
1976,Chris,Amon,#FF0000
1976,Harald,Ertl,#FFFFFF
1976,Jacky,Ickx,#000000
1976,Michel,Leclère,#000000
1976,Larry,Perkins,#FFFFFF
1976,Renzo,Zorzi,#005AFF
1977,Niki,Lauda,#DC0000
1977,Carlos,Reutemann,#DC0000
1977,Jody,Scheckter,#000000
1977,Mario,Andretti,#005700
1977,Gunnar,Nilsson,#005700
1977,James,Hunt,#FF8700
1977,Jochen,Mass,#FF8700
1977,Alan,Jones,#000000
1977,Riccardo,Patrese,#000000
1977,Patrick,Depailler,#0000FF
1977,Ronnie,Peterson,#0000FF
1977,Jacques,Laffite,#0000FF
1977,Hans-Joachim,Stuck,#1E90FF
1977,Patrick,Nève,#1E90FF
1977,Emerson,Fittipaldi,#FFFF00
1977,Ingo,Hoffmann,#FFFF00
1977,John,Watson,#0000FF
1977,Carlos,Pace,#0000FF
1977,Vittorio,Brambilla,#FFFF00
1977,Patrick,Tambay,#FFFF00
1977,Clay,Regazzoni,#FF0000
1977,Jean-Pierre,Jarier,#000000
1977,Danny,Ongais,#000000
1977,Rupert,Keegan,#FFFFFF
1977,Harald,Ertl,#FFFFFF
1978,Mario,Andretti,#005700
1978,Ronnie,Peterson,#005700
1978,Carlos,Reutemann,#DC0000
1978,Gilles,Villeneuve,#DC0000
1978,Niki,Lauda,#0000FF
1978,John,Watson,#0000FF
1978,Patrick,Depailler,#0000FF
1978,Didier,Pironi,#0000FF
1978,Jody,Scheckter,#000000
1978,Jacques,Laffite,#0000FF
1978,Emerson,Fittipaldi,#FFFF00
1978,Alan,Jones,#005AFF
1978,Riccardo,Patrese,#FFA500
1978,Rolf,Stommelen,#FFA500
1978,James,Hunt,#FF8700
1978,Patrick,Tambay,#FF8700
1978,Clay,Regazzoni,#000000
1978,Hans-Joachim,Stuck,#000000
1978,Jean-Pierre,Jabouille,#FFF500
1978,Vittorio,Brambilla,#FFFF00
1978,Rupert,Keegan,#FFFF00
1978,Derek,Daly,#FFFFFF
1978,Jochen,Mass,#FFFF00
1978,Jean-Pierre,Jarier,#FFFF00
1978,René,Arnoux,#C0C0C0
1978,Nelson,Piquet,#FF0000
1978,Keke,Rosberg,#0000FF
1979,Jody,Scheckter,#DC0000
1979,Gilles,Villeneuve,#DC0000
1979,Alan,Jones,#005AFF
1979,Clay,Regazzoni,#005AFF
1979,Jacques,Laffite,#0000FF
1979,Patrick,Depailler,#0000FF
1979,Carlos,Reutemann,#005700
1979,Mario,Andretti,#005700
1979,René,Arnoux,#FFF500
1979,Jean-Pierre,Jabouille,#FFF500
1979,John,Watson,#FF8700
1979,Patrick,Tambay,#FF8700
1979,Didier,Pironi,#0000FF
1979,Jean-Pierre,Jarier,#0000FF
1979,Niki,Lauda,#FF0000
1979,Nelson,Piquet,#FF0000
1979,Elio,de Angelis,#000000
1979,Jan,Lammers,#000000
1979,Jochen,Mass,#FFA500
1979,Riccardo,Patrese,#FFA500
1979,Hans-Joachim,Stuck,#FFFF00
1979,Emerson,Fittipaldi,#FFFF00
1979,Ricardo,Zunino,#FFFFFF
1979,Derek,Daly,#FF0000
1979,James,Hunt,#000000
1979,Keke,Rosberg,#000000
1979,Vittorio,Brambilla,#900000
1980,Alan,Jones,#005AFF
1980,Carlos,Reutemann,#005AFF
1980,Nelson,Piquet,#0000FF
1980,Hector,Rebaque,#0000FF
1980,Jacques,Laffite,#0000FF
1980,Didier,Pironi,#0000FF
1980,René,Arnoux,#FFF500
1980,Jean-Pierre,Jabouille,#FFF500
1980,Elio,de Angelis,#005700
1980,Mario,Andretti,#005700
1980,Riccardo,Patrese,#FFA500
1980,Jochen,Mass,#FFA500
1980,Keke,Rosberg,#FFFF00
1980,Emerson,Fittipaldi,#FFFF00
1980,John,Watson,#FF8700
1980,Alain,Prost,#FF8700
1980,Derek,Daly,#0000FF
1980,Jean-Pierre,Jarier,#0000FF
1980,Gilles,Villeneuve,#DC0000
1980,Jody,Scheckter,#DC0000
1980,Bruno,Giacomelli,#900000
1980,Patrick,Depailler,#900000
1980,Marc,Surer,#FFFF00
1980,Jan,Lammers,#FFFF00
1980,Clay,Regazzoni,#FF0000
1980,Eddie,Cheever,#87CEEB
1980,Geoff,Lees,#000000
1981,Nelson,Piquet,#0000FF
1981,Hector,Rebaque,#0000FF
1981,Carlos,Reutemann,#005AFF
1981,Alan,Jones,#005AFF
1981,Jacques,Laffite,#0000FF
1981,Jean-Pierre,Jarier,#0000FF
1981,Alain,Prost,#FFF500
1981,René,Arnoux,#FFF500
1981,John,Watson,#FF8700
1981,Andrea,de Cesaris,#FF8700
1981,Gilles,Villeneuve,#DC0000
1981,Didier,Pironi,#DC0000
1981,Elio,de Angelis,#005700
1981,Nigel,Mansell,#005700
1981,Riccardo,Patrese,#FFA500
1981,Siegfried,Stohr,#FFA500
1981,Eddie,Cheever,#0000FF
1981,Michele,Alboreto,#0000FF
1981,Bruno,Giacomelli,#900000
1981,Mario,Andretti,#900000
1981,Marc,Surer,#FF0000
1981,Patrick,Tambay,#0000FF
1981,Slim,Borgudd,#FFFF00
1981,Jan,Lammers,#FFFF00
1981,Eliseo,Salazar,#1E90FF
1981,Derek,Daly,#1E90FF
1981,Chico,Serra,#FFFF00
1981,Keke,Rosberg,#FFFF00
1981,Brian,Henton,#FFFFFF
1982,Keke,Rosberg,#005AFF
1982,Carlos,Reutemann,#005AFF
1982,Didier,Pironi,#DC0000
1982,Patrick,Tambay,#DC0000
1982,John,Watson,#FF8700
1982,Niki,Lauda,#FF8700
1982,Alain,Prost,#FFF500
1982,René,Arnoux,#FFF500
1982,Michele,Alboreto,#0000FF
1982,Slim,Borgudd,#0000FF
1982,Elio,de Angelis,#005700
1982,Nigel,Mansell,#005700
1982,Riccardo,Patrese,#0000FF
1982,Nelson,Piquet,#0000FF
1982,Eddie,Cheever,#0000FF
1982,Jacques,Laffite,#0000FF
1982,Derek,Daly,#0000FF
1982,Andrea,de Cesaris,#900000
1982,Bruno,Giacomelli,#900000
1982,Jean-Pierre,Jarier,#87CEEB
1982,Marc,Surer,#FFA500
1982,Mauro,Baldi,#FFA500
1982,Eliseo,Salazar,#FFFF00
1982,Manfred,Winkelhock,#FFFF00
1982,Chico,Serra,#FFFF00
1982,Jochen,Mass,#1E90FF
1982,Raul,Boesel,#1E90FF
1983,Nelson,Piquet,#0000FF
1983,Riccardo,Patrese,#0000FF
1983,Alain,Prost,#FFF500
1983,Eddie,Cheever,#FFF500
1983,René,Arnoux,#DC0000
1983,Patrick,Tambay,#DC0000
1983,Keke,Rosberg,#005AFF
1983,Jacques,Laffite,#005AFF
1983,John,Watson,#FF8700
1983,Niki,Lauda,#FF8700
1983,Andrea,de Cesaris,#900000
1983,Mauro,Baldi,#900000
1983,Michele,Alboreto,#0000FF
1983,Danny,Sullivan,#0000FF
1983,Nigel,Mansell,#005700
1983,Elio,de Angelis,#005700
1983,Derek,Warwick,#FFFFFF
1983,Bruno,Giacomelli,#FFFFFF
1983,Marc,Surer,#FFA500
1983,Thierry,Boutsen,#FFA500
1983,Johnny,Cecotto,#0000FF
1983,Roberto,Guerrero,#0000FF
1983,Jean-Pierre,Jarier,#0000FF
1983,Raul,Boesel,#0000FF
1983,Stefan,Johansson,#0000FF
1983,Manfred,Winkelhock,#FFFF00
1983,Corrado,Fabi,#87CEEB
1983,Piercarlo,Ghinzani,#87CEEB
1983,Kenny,Acheson,#008000
1984,Niki,Lauda,#FF8700
1984,Alain,Prost,#FF8700
1984,Elio,de Angelis,#005700
1984,Nigel,Mansell,#005700
1984,Michele,Alboreto,#DC0000
1984,René,Arnoux,#DC0000
1984,Nelson,Piquet,#0000FF
1984,Teo,Fabi,#0000FF
1984,Derek,Warwick,#FFF500
1984,Patrick,Tambay,#FFF500
1984,Keke,Rosberg,#005AFF
1984,Jacques,Laffite,#005AFF
1984,Ayrton,Senna,#FFFFFF
1984,Johnny,Cecotto,#FFFFFF
1984,Riccardo,Patrese,#900000
1984,Eddie,Cheever,#900000
1984,Thierry,Boutsen,#FFA500
1984,Marc,Surer,#FFA500
1984,Stefan,Johansson,#0000FF
1984,Andrea,de Cesaris,#0000FF
1984,François,Hesnault,#0000FF
1984,Piercarlo,Ghinzani,#87CEEB
1984,Jo,Gartner,#87CEEB
1984,Gerhard,Berger,#FFFF00
1984,Manfred,Winkelhock,#FFFF00
1984,Mauro,Baldi,#0000FF
1984,Huub,Rothengatter,#0000FF
1984,Jonathan,Palmer,#008000
1984,Philippe,Alliot,#008000
1985,Alain,Prost,#FF8700
1985,Niki,Lauda,#FF8700
1985,Michele,Alboreto,#DC0000
1985,René,Arnoux,#DC0000
1985,Keke,Rosberg,#005AFF
1985,Nigel,Mansell,#005AFF
1985,Ayrton,Senna,#005700
1985,Elio,de Angelis,#005700
1985,Stefan,Johansson,#0000FF
1985,Stefan,Bellof,#0000FF
1985,Nelson,Piquet,#0000FF
1985,Marc,Surer,#0000FF
1985,Jacques,Laffite,#0000FF
1985,Philippe,Streiff,#0000FF
1985,Thierry,Boutsen,#FFA500
1985,Gerhard,Berger,#FFA500
1985,Patrick,Tambay,#FFF500
1985,Derek,Warwick,#FFF500
1985,Huub,Rothengatter,#87CEEB
1985,Piercarlo,Ghinzani,#87CEEB
1985,Pierluigi,Martini,#000000
1985,Riccardo,Patrese,#900000
1985,Eddie,Cheever,#900000
1985,Philippe,Alliot,#008000
1985,Manfred,Winkelhock,#008000
1985,Jonathan,Palmer,#FF0000
1986,Alain,Prost,#FF8700
1986,Keke,Rosberg,#FF8700
1986,Nigel,Mansell,#005AFF
1986,Nelson,Piquet,#005AFF
1986,Ayrton,Senna,#005700
1986,Johnny,Dumfries,#005700
1986,Stefan,Johansson,#DC0000
1986,Michele,Alboreto,#DC0000
1986,Gerhard,Berger,#0000FF
1986,Teo,Fabi,#0000FF
1986,Jacques,Laffite,#0000FF
1986,René,Arnoux,#0000FF
1986,Martin,Brundle,#0000FF
1986,Philippe,Streiff,#0000FF
1986,Alan,Jones,#FFA500
1986,Patrick,Tambay,#FFA500
1986,Riccardo,Patrese,#0000FF
1986,Derek,Warwick,#0000FF
1986,Christian,Danner,#87CEEB
1986,Piercarlo,Ghinzani,#87CEEB
1986,Thierry,Boutsen,#FFA500
1986,Marc,Surer,#FFA500
1986,Jonathan,Palmer,#FF0000
1986,Huub,Rothengatter,#FF0000
1986,Andrea,de Cesaris,#000000
1986,Alessandro,Nannini,#000000
1987,Nelson,Piquet,#005AFF
1987,Nigel,Mansell,#005AFF
1987,Ayrton,Senna,#005700
1987,Satoru,Nakajima,#005700
1987,Alain,Prost,#FF8700
1987,Stefan,Johansson,#FF8700
1987,Gerhard,Berger,#DC0000
1987,Michele,Alboreto,#DC0000
1987,Thierry,Boutsen,#0000FF
1987,Teo,Fabi,#0000FF
1987,Eddie,Cheever,#FFA500
1987,Derek,Warwick,#FFA500
1987,Jonathan,Palmer,#0000FF
1987,Philippe,Streiff,#0000FF
1987,Riccardo,Patrese,#0000FF
1987,Andrea,de Cesaris,#0000FF
1987,Philippe,Alliot,#0000FF
1987,Yannick,Dalmas,#0000FF
1987,Martin,Brundle,#FF0000
1987,Christian,Danner,#FF0000
1987,Ivan,Capelli,#1E90FF
1987,René,Arnoux,#0000FF
1987,Piercarlo,Ghinzani,#0000FF
1987,Roberto,Moreno,#0000FF
1987,Pascal,Fabre,#0000FF
1987,Alessandro,Nannini,#000000
1987,Adrián,Campos,#000000
1987,Alex,Caffi,#87CEEB
1987,Franco,Forini,#87CEEB
1988,Ayrton,Senna,#FF8700
1988,Alain,Prost,#FF8700
1988,Gerhard,Berger,#DC0000
1988,Michele,Alboreto,#DC0000
1988,Thierry,Boutsen,#0000FF
1988,Alessandro,Nannini,#0000FF
1988,Nelson,Piquet,#005700
1988,Satoru,Nakajima,#005700
1988,Ivan,Capelli,#1E90FF
1988,Maurício,Gugelmin,#1E90FF
1988,Derek,Warwick,#FFA500
1988,Eddie,Cheever,#FFA500
1988,Nigel,Mansell,#005AFF
1988,Riccardo,Patrese,#005AFF
1988,Jonathan,Palmer,#0000FF
1988,Julian,Bailey,#0000FF
1988,Andrea,de Cesaris,#0000FF
1988,Pierluigi,Martini,#000000
1988,Luis,Pérez-Sala,#000000
1988,Yannick,Dalmas,#0000FF
1988,Philippe,Alliot,#0000FF
1988,Alex,Caffi,#FF0000
1988,Philippe,Streiff,#0000FF
1988,Gabriele,Tarquini,#FFFF00
1988,Stefan,Johansson,#0000FF
1988,René,Arnoux,#0000FF
1988,Nicola,Larini,#87CEEB
1988,Stefano,Modena,#FFA500
1989,Alain,Prost,#FF8700
1989,Ayrton,Senna,#FF8700
1989,Riccardo,Patrese,#005AFF
1989,Thierry,Boutsen,#005AFF
1989,Nigel,Mansell,#DC0000
1989,Gerhard,Berger,#DC0000
1989,Alessandro,Nannini,#0000FF
1989,Johnny,Herbert,#0000FF
1989,Nelson,Piquet,#005700
1989,Satoru,Nakajima,#005700
1989,Jean,Alesi,#0000FF
1989,Michele,Alboreto,#0000FF
1989,Derek,Warwick,#FFA500
1989,Eddie,Cheever,#FFA500
1989,Stefan,Johansson,#FFC0CB
1989,Pierluigi,Martini,#000000
1989,Luis,Pérez-Sala,#000000
1989,Maurício,Gugelmin,#1E90FF
1989,Ivan,Capelli,#1E90FF
1989,Andrea,de Cesaris,#FF0000
1989,Alex,Caffi,#FF0000
1989,Stefano,Modena,#0000FF
1989,Martin,Brundle,#0000FF
1989,Christian,Danner,#0000FF
1989,René,Arnoux,#0000FF
1989,Olivier,Grouillard,#0000FF
1989,Gabriele,Tarquini,#0000FF
1989,Philippe,Alliot,#0000FF
1990,Ayrton,Senna,#FF8700
1990,Gerhard,Berger,#FF8700
1990,Alain,Prost,#DC0000
1990,Nigel,Mansell,#DC0000
1990,Nelson,Piquet,#0000FF
1990,Alessandro,Nannini,#0000FF
1990,Thierry,Boutsen,#005AFF
1990,Riccardo,Patrese,#005AFF
1990,Jean,Alesi,#0000FF
1990,Satoru,Nakajima,#0000FF
1990,Ivan,Capelli,#40E0D0
1990,Maurício,Gugelmin,#40E0D0
1990,Roberto,Moreno,#FFA500
1990,Aguri,Suzuki,#0000FF
1990,Éric,Bernard,#0000FF
1990,Derek,Warwick,#005700
1990,Martin,Donnelly,#005700
1990,Alex,Caffi,#FFA500
1990,Michele,Alboreto,#FFA500
1990,Stefano,Modena,#0000FF
1990,Gregor,Foitek,#0000FF
1990,Nicola,Larini,#0000FF
1990,Philippe,Alliot,#0000FF
1990,Pierluigi,Martini,#000000
1990,Paolo,Barilla,#000000
1990,Yannick,Dalmas,#0000FF
1990,Emanuele,Pirro,#FF0000
1990,Andrea,de Cesaris,#FF0000
1990,Jyrki,Järvilehto,#FFC0CB
1991,Ayrton,Senna,#FF8700
1991,Gerhard,Berger,#FF8700
1991,Nigel,Mansell,#005AFF
1991,Riccardo,Patrese,#005AFF
1991,Alain,Prost,#DC0000
1991,Jean,Alesi,#DC0000
1991,Nelson,Piquet,#0000FF
1991,Roberto,Moreno,#0000FF
1991,Stefano,Modena,#0000FF
1991,Satoru,Nakajima,#0000FF
1991,Andrea,de Cesaris,#FFB700
1991,Bertrand,Gachot,#FFB700
1991,Pierluigi,Martini,#000000
1991,Gianni,Morbidelli,#000000
1991,Jyrki,Järvilehto,#FF0000
1991,Emanuele,Pirro,#FF0000
1991,Mika,Häkkinen,#005700
1991,Julian,Bailey,#005700
1991,Martin,Brundle,#0000FF
1991,Mark,Blundell,#0000FF
1991,Ivan,Capelli,#40E0D0
1991,Maurício,Gugelmin,#40E0D0
1991,Éric,Bernard,#0000FF
1991,Aguri,Suzuki,#0000FF
1991,Thierry,Boutsen,#0000FF
1991,Érik,Comas,#0000FF
1991,Nicola,Larini,#00008B
1991,Gabriele,Tarquini,#0000FF
1992,Nigel,Mansell,#005AFF
1992,Riccardo,Patrese,#005AFF
1992,Michael,Schumacher,#0000FF
1992,Martin,Brundle,#0000FF
1992,Ayrton,Senna,#FF8700
1992,Gerhard,Berger,#FF8700
1992,Jean,Alesi,#DC0000
1992,Ivan,Capelli,#DC0000
1992,Mika,Häkkinen,#005700
1992,Johnny,Herbert,#005700
1992,Andrea,de Cesaris,#0000FF
1992,Olivier,Grouillard,#0000FF
1992,Michele,Alboreto,#FFFFFF
1992,Aguri,Suzuki,#FFFFFF
1992,Érik,Comas,#0000FF
1992,Thierry,Boutsen,#0000FF
1992,Karl,Wendlinger,#1E90FF
1992,Paul,Belmondo,#1E90FF
1992,Pierluigi,Martini,#FF0000
1992,Jyrki,Järvilehto,#FF0000
1992,Stefano,Modena,#FFB700
1992,Maurício,Gugelmin,#FFB700
1992,Christian,Fittipaldi,#000000
1992,Gianni,Morbidelli,#000000
1992,Bertrand,Gachot,#0000FF
1992,Ukyo,Katayama,#0000FF
1992,Eric,van de Poele,#0000FF
1992,Damon,Hill,#0000FF
1993,Alain,Prost,#005AFF
1993,Damon,Hill,#005AFF
1993,Ayrton,Senna,#FF8700
1993,Michael,Andretti,#FF8700
1993,Michael,Schumacher,#0000FF
1993,Riccardo,Patrese,#0000FF
1993,Jean,Alesi,#DC0000
1993,Gerhard,Berger,#DC0000
1993,Martin,Brundle,#0000FF
1993,Mark,Blundell,#0000FF
1993,Johnny,Herbert,#005700
1993,Alessandro,Zanardi,#005700
1993,Karl,Wendlinger,#9B0000
1993,Jyrki,Järvilehto,#9B0000
1993,Christian,Fittipaldi,#000000
1993,Fabrizio,Barbazza,#000000
1993,Derek,Warwick,#FFFFFF
1993,Aguri,Suzuki,#FFFFFF
1993,Philippe,Alliot,#0000FF
1993,Érik,Comas,#0000FF
1993,Rubens,Barrichello,#FFB700
1993,Eddie,Irvine,#FFB700
1993,Luca,Badoer,#FFA500
1993,Michele,Alboreto,#FFA500
1993,Andrea,de Cesaris,#0000FF
1993,Ukyo,Katayama,#0000FF
1994,Michael,Schumacher,#0000FF
1994,Jos,Verstappen,#0000FF
1994,Damon,Hill,#005AFF
1994,David,Coulthard,#005AFF
1994,Gerhard,Berger,#DC0000
1994,Jean,Alesi,#DC0000
1994,Mika,Häkkinen,#FF8700
1994,Martin,Brundle,#FF8700
1994,Rubens,Barrichello,#FFB700
1994,Eddie,Irvine,#FFB700
1994,Olivier,Panis,#0000FF
1994,Éric,Bernard,#0000FF
1994,Mark,Blundell,#0000FF
1994,Ukyo,Katayama,#0000FF
1994,Heinz-Harald,Frentzen,#9B0000
1994,Karl,Wendlinger,#9B0000
1994,Christian,Fittipaldi,#FFFFFF
1994,Gianni,Morbidelli,#FFFFFF
1994,Pierluigi,Martini,#000000
1994,Michele,Alboreto,#000000
1994,Érik,Comas,#0000FF
1994,Olivier,Beretta,#0000FF
1994,Johnny,Herbert,#005700
1994,Pedro,Lamy,#005700
1994,Jean-Marc,Gounon,#800080
1995,Michael,Schumacher,#0000FF
1995,Johnny,Herbert,#0000FF
1995,Damon,Hill,#005AFF
1995,David,Coulthard,#005AFF
1995,Jean,Alesi,#DC0000
1995,Gerhard,Berger,#DC0000
1995,Mika,Häkkinen,#FF8700
1995,Mark,Blundell,#FF8700
1995,Olivier,Panis,#0000FF
1995,Martin,Brundle,#0000FF
1995,Heinz-Harald,Frentzen,#9B0000
1995,Jean-Christophe,Boullion,#9B0000
1995,Rubens,Barrichello,#FFB700
1995,Eddie,Irvine,#FFB700
1995,Gianni,Morbidelli,#FFFFFF
1995,Massimiliano,Papis,#FFFFFF
1995,Mika,Salo,#0000FF
1995,Ukyo,Katayama,#0000FF
1995,Pedro,Lamy,#000000
1995,Pierluigi,Martini,#000000
1995,Pedro,Diniz,#FFFF00
1995,Andrea,Montermini,#0077BE
1995,Bertrand,Gachot,#0077BE
1995,Domenico,Schiattarella,#800080
1996,Damon,Hill,#005AFF
1996,Jacques,Villeneuve,#005AFF
1996,Michael,Schumacher,#DC0000
1996,Eddie,Irvine,#DC0000
1996,Jean,Alesi,#0000FF
1996,Gerhard,Berger,#0000FF
1996,Mika,Häkkinen,#FF8700
1996,David,Coulthard,#FF8700
1996,Rubens,Barrichello,#FFB700
1996,Martin,Brundle,#FFB700
1996,Olivier,Panis,#0000FF
1996,Pedro,Diniz,#0000FF
1996,Heinz-Harald,Frentzen,#9B0000
1996,Johnny,Herbert,#9B0000
1996,Mika,Salo,#0000FF
1996,Ukyo,Katayama,#0000FF
1996,Jos,Verstappen,#FFFFFF
1996,Ricardo,Rosset,#FFFFFF
1996,Giancarlo,Fisichella,#000000
1996,Pedro,Lamy,#000000
1996,Luca,Badoer,#FFFF00
1996,Andrea,Montermini,#FFFF00
1997,Jacques,Villeneuve,#005AFF
1997,Heinz-Harald,Frentzen,#005AFF
1997,David,Coulthard,#FF8700
1997,Mika,Häkkinen,#FF8700
1997,Jean,Alesi,#0000FF
1997,Gerhard,Berger,#0000FF
1997,Eddie,Irvine,#DC0000
1997,Michael,Schumacher,#DC0000
1997,Giancarlo,Fisichella,#FFB700
1997,Ralf,Schumacher,#FFB700
1997,Olivier,Panis,#00008B
1997,Shinji,Nakano,#00008B
1997,Johnny,Herbert,#9B0000
1997,Nicola,Larini,#9B0000
1997,Damon,Hill,#FFA500
1997,Pedro,Diniz,#FFA500
1997,Rubens,Barrichello,#FFFFFF
1997,Jan,Magnussen,#FFFFFF
1997,Jarno,Trulli,#000000
1997,Ukyo,Katayama,#000000
1997,Mika,Salo,#0000FF
1997,Jos,Verstappen,#0000FF
1998,Mika,Häkkinen,#FF8700
1998,David,Coulthard,#FF8700
1998,Michael,Schumacher,#DC0000
1998,Eddie,Irvine,#DC0000
1998,Jacques,Villeneuve,#005AFF
1998,Heinz-Harald,Frentzen,#005AFF
1998,Damon,Hill,#FFB700
1998,Ralf,Schumacher,#FFB700
1998,Alexander,Wurz,#0000FF
1998,Giancarlo,Fisichella,#0000FF
1998,Jean,Alesi,#9B0000
1998,Johnny,Herbert,#9B0000
1998,Rubens,Barrichello,#FFFFFF
1998,Jan,Magnussen,#FFFFFF
1998,Mika,Salo,#FFA500
1998,Pedro,Diniz,#FFA500
1998,Jarno,Trulli,#00008B
1998,Olivier,Panis,#00008B
1998,Shinji,Nakano,#000000
1998,Esteban,Tuero,#000000
1998,Ricardo,Rosset,#0000FF
1998,Toranosuke,Takagi,#0000FF
1999,Mika,Häkkinen,#FF8700
1999,David,Coulthard,#FF8700
1999,Eddie,Irvine,#DC0000
1999,Michael,Schumacher,#DC0000
1999,Heinz-Harald,Frentzen,#FFB700
1999,Damon,Hill,#FFB700
1999,Ralf,Schumacher,#005AFF
1999,Alessandro,Zanardi,#005AFF
1999,Rubens,Barrichello,#FFFFFF
1999,Johnny,Herbert,#FFFFFF
1999,Giancarlo,Fisichella,#0000FF
1999,Alexander,Wurz,#0000FF
1999,Mika,Salo,#FFFFFF
1999,Jacques,Villeneuve,#FFFFFF
1999,Jarno,Trulli,#00008B
1999,Olivier,Panis,#00008B
1999,Pedro,Diniz,#9B0000
1999,Jean,Alesi,#9B0000
1999,Marc,Gené,#000000
1999,Luca,Badoer,#000000
1999,Pedro,de la Rosa,#FFA500
1999,Toranosuke,Takagi,#FFA500
2000,Michael,Schumacher,#DC0000
2000,Rubens,Barrichello,#DC0000
2000,Mika,Häkkinen,#FF8700
2000,David,Coulthard,#FF8700
2000,Ralf,Schumacher,#005AFF
2000,Jenson,Button,#005AFF
2000,Giancarlo,Fisichella,#0000FF
2000,Alexander,Wurz,#0000FF
2000,Jacques,Villeneuve,#FFFFFF
2000,Ricardo,Zonta,#FFFFFF
2000,Heinz-Harald,Frentzen,#FFB700
2000,Jarno,Trulli,#FFB700
2000,Mika,Salo,#9B0000
2000,Pedro,Diniz,#9B0000
2000,Jos,Verstappen,#FFA500
2000,Pedro,de la Rosa,#FFA500
2000,Eddie,Irvine,#006400
2000,Johnny,Herbert,#006400
2000,Marc,Gené,#000000
2000,Gastón,Mazzacane,#000000
2000,Nick,Heidfeld,#00008B
2000,Jean,Alesi,#00008B
2001,Michael,Schumacher,#DC0000
2001,Rubens,Barrichello,#DC0000
2001,David,Coulthard,#FF8700
2001,Mika,Häkkinen,#FF8700
2001,Ralf,Schumacher,#005AFF
2001,Juan,Pablo Montoya,#005AFF
2001,Jacques,Villeneuve,#FFFFFF
2001,Olivier,Panis,#FFFFFF
2001,Nick,Heidfeld,#9B0000
2001,Kimi,Räikkönen,#9B0000
2001,Jarno,Trulli,#FFB700
2001,Heinz-Harald,Frentzen,#FFB700
2001,Giancarlo,Fisichella,#0000FF
2001,Jenson,Button,#0000FF
2001,Eddie,Irvine,#006400
2001,Pedro,de la Rosa,#006400
2001,Jean,Alesi,#00008B
2001,Tomáš,Enge,#00008B
2001,Jos,Verstappen,#FFA500
2001,Enrique,Bernoldi,#FFA500
2001,Tarso,Marques,#000000
2001,Fernando,Alonso,#000000
2002,Michael,Schumacher,#DC0000
2002,Rubens,Barrichello,#DC0000
2002,Juan,Pablo Montoya,#005AFF
2002,Ralf,Schumacher,#005AFF
2002,David,Coulthard,#FF8700
2002,Kimi,Räikkönen,#FF8700
2002,Jenson,Button,#FFF500
2002,Jarno,Trulli,#FFF500
2002,Eddie,Irvine,#006400
2002,Pedro,de la Rosa,#006400
2002,Nick,Heidfeld,#9B0000
2002,Felipe,Massa,#9B0000
2002,Giancarlo,Fisichella,#FFB700
2002,Takuma,Sato,#FFB700
2002,Jacques,Villeneuve,#FFFFFF
2002,Olivier,Panis,#FFFFFF
2002,Mark,Webber,#000000
2002,Alex,Yoong,#000000
2002,Mika,Salo,#CC0000
2002,Allan,McNish,#CC0000
2002,Heinz-Harald,Frentzen,#FFA500
2002,Enrique,Bernoldi,#FFA500
2003,Michael,Schumacher,#DC0000
2003,Rubens,Barrichello,#DC0000
2003,Kimi,Räikkönen,#FF8700
2003,David,Coulthard,#FF8700
2003,Juan,Pablo Montoya,#005AFF
2003,Ralf,Schumacher,#005AFF
2003,Fernando,Alonso,#FFF500
2003,Jarno,Trulli,#FFF500
2003,Jenson,Button,#FFFFFF
2003,Jacques,Villeneuve,#FFFFFF
2003,Mark,Webber,#006400
2003,Antônio,Pizzonia,#006400
2003,Heinz-Harald,Frentzen,#9B0000
2003,Nick,Heidfeld,#9B0000
2003,Giancarlo,Fisichella,#FFB700
2003,Ralph,Firman,#FFB700
2003,Cristiano,da Matta,#CC0000
2003,Olivier,Panis,#CC0000
2003,Justin,Wilson,#000000
2003,Jos,Verstappen,#000000
2004,Michael,Schumacher,#DC0000
2004,Rubens,Barrichello,#DC0000
2004,Jenson,Button,#FFFFFF
2004,Takuma,Sato,#FFFFFF
2004,Fernando,Alonso,#FFF500
2004,Jarno,Trulli,#FFF500
2004,Juan,Pablo Montoya,#005AFF
2004,Ralf,Schumacher,#005AFF
2004,Kimi,Räikkönen,#FF8700
2004,David,Coulthard,#FF8700
2004,Giancarlo,Fisichella,#9B0000
2004,Felipe,Massa,#9B0000
2004,Mark,Webber,#006400
2004,Christian,Klien,#006400
2004,Olivier,Panis,#CC0000
2004,Cristiano,da Matta,#CC0000
2004,Nick,Heidfeld,#FFB700
2004,Timo,Glock,#FFB700
2004,Zsolt,Baumgartner,#000000
2004,Gianmaria,Bruni,#000000
2005,Fernando,Alonso,#FFF500
2005,Giancarlo,Fisichella,#FFF500
2005,Kimi,Räikkönen,#FF8700
2005,Juan,Pablo Montoya,#FF8700
2005,Michael,Schumacher,#DC0000
2005,Rubens,Barrichello,#DC0000
2005,Ralf,Schumacher,#CC0000
2005,Jarno,Trulli,#CC0000
2005,Jenson,Button,#FFFFFF
2005,Takuma,Sato,#FFFFFF
2005,Mark,Webber,#005AFF
2005,Nick,Heidfeld,#005AFF
2005,David,Coulthard,#0600EF
2005,Christian,Klien,#0600EF
2005,Felipe,Massa,#9B0000
2005,Jacques,Villeneuve,#9B0000
2005,Tiago,Monteiro,#FFB700
2005,Narain,Karthikeyan,#FFB700
2005,Christijan,Albers,#000000
2005,Patrick,Friesacher,#000000
2006,Fernando,Alonso,#FFF500
2006,Giancarlo,Fisichella,#FFF500
2006,Michael,Schumacher,#DC0000
2006,Felipe,Massa,#DC0000
2006,Kimi,Räikkönen,#FF8700
2006,Juan,Pablo Montoya,#FF8700
2006,Jenson,Button,#000000
2006,Rubens,Barrichello,#000000
2006,Nick,Heidfeld,#FFFFFF
2006,Jacques,Villeneuve,#FFFFFF
2006,Ralf,Schumacher,#CC0000
2006,Jarno,Trulli,#CC0000
2006,David,Coulthard,#0600EF
2006,Christian,Klien,#0600EF
2006,Mark,Webber,#005AFF
2006,Nico,Rosberg,#005AFF
2006,Vitantonio,Liuzzi,#469BFF
2006,Scott,Speed,#469BFF
2006,Tiago,Monteiro,#000000
2006,Christijan,Albers,#000000
2006,Takuma,Sato,#FF0000
2006,Yuji,Ide,#FF0000
2007,Kimi,Räikkönen,#DC0000
2007,Felipe,Massa,#DC0000
2007,Lewis,Hamilton,#FF8700
2007,Fernando,Alonso,#FF8700
2007,Nick,Heidfeld,#FFFFFF
2007,Robert,Kubica,#FFFFFF
2007,Heikki,Kovalainen,#FFF500
2007,Giancarlo,Fisichella,#FFF500
2007,Nico,Rosberg,#005AFF
2007,Alexander,Wurz,#005AFF
2007,David,Coulthard,#0600EF
2007,Mark,Webber,#0600EF
2007,Jarno,Trulli,#CC0000
2007,Ralf,Schumacher,#CC0000
2007,Jenson,Button,#000000
2007,Rubens,Barrichello,#000000
2007,Takuma,Sato,#FF0000
2007,Anthony,Davidson,#FF0000
2007,Vitantonio,Liuzzi,#469BFF
2007,Scott,Speed,#469BFF
2007,Adrian,Sutil,#FFA500
2007,Sakon,Yamamoto,#FFA500
2008,Lewis,Hamilton,#FF8700
2008,Heikki,Kovalainen,#FF8700
2008,Felipe,Massa,#DC0000
2008,Kimi,Räikkönen,#DC0000
2008,Robert,Kubica,#FFFFFF
2008,Nick,Heidfeld,#FFFFFF
2008,Fernando,Alonso,#FFF500
2008,Nelson,Piquet Jr.,#FFF500
2008,Sebastian,Vettel,#469BFF
2008,Sébastien,Bourdais,#469BFF
2008,Jarno,Trulli,#CC0000
2008,Timo,Glock,#CC0000
2008,Mark,Webber,#0600EF
2008,David,Coulthard,#0600EF
2008,Nico,Rosberg,#005AFF
2008,Kazuki,Nakajima,#005AFF
2008,Rubens,Barrichello,#000000
2008,Jenson,Button,#000000
2008,Giancarlo,Fisichella,#F596C8
2008,Adrian,Sutil,#F596C8
2008,Takuma,Sato,#FF0000
2008,Anthony,Davidson,#FF0000
2009,Jenson,Button,#FFFFFF
2009,Rubens,Barrichello,#FFFFFF
2009,Sebastian,Vettel,#0600EF
2009,Mark,Webber,#0600EF
2009,Lewis,Hamilton,#FF8700
2009,Heikki,Kovalainen,#FF8700
2009,Kimi,Räikkönen,#DC0000
2009,Felipe,Massa,#DC0000
2009,Nico,Rosberg,#005AFF
2009,Kazuki,Nakajima,#005AFF
2009,Jarno,Trulli,#CC0000
2009,Timo,Glock,#CC0000
2009,Fernando,Alonso,#FFF500
2009,Nelson,Piquet Jr.,#FFF500
2009,Nick,Heidfeld,#FFFFFF
2009,Robert,Kubica,#FFFFFF
2009,Giancarlo,Fisichella,#F596C8
2009,Adrian,Sutil,#F596C8
2009,Sébastien,Buemi,#469BFF
2009,Sébastien,Bourdais,#469BFF
2010,Sebastian,Vettel,#0600EF
2010,Mark,Webber,#0600EF
2010,Fernando,Alonso,#DC0000
2010,Felipe,Massa,#DC0000
2010,Lewis,Hamilton,#FF8700
2010,Jenson,Button,#FF8700
2010,Nico,Rosberg,#00D2BE
2010,Michael,Schumacher,#00D2BE
2010,Robert,Kubica,#FFF500
2010,Vitaly,Petrov,#FFF500
2010,Rubens,Barrichello,#005AFF
2010,Nico,Hülkenberg,#005AFF
2010,Adrian,Sutil,#F596C8
2010,Vitantonio,Liuzzi,#F596C8
2010,Kamui,Kobayashi,#9B0000
2010,Pedro,de la Rosa,#9B0000
2010,Sébastien,Buemi,#469BFF
2010,Jaime,Alguersuari,#469BFF
2010,Heikki,Kovalainen,#000000
2010,Jarno,Trulli,#000000
2010,Karun,Chandhok,#000000
2010,Bruno,Senna,#000000
2010,Lucas,di Grassi,#FF8C00
2010,Timo,Glock,#FF8C00
2011,Sebastian,Vettel,#0600EF
2011,Mark,Webber,#0600EF
2011,Jenson,Button,#FF8700
2011,Lewis,Hamilton,#FF8700
2011,Fernando,Alonso,#DC0000
2011,Felipe,Massa,#DC0000
2011,Nico,Rosberg,#00D2BE
2011,Michael,Schumacher,#00D2BE
2011,Adrian,Sutil,#F596C8
2011,Paul,di Resta,#F596C8
2011,Vitaly,Petrov,#FFF500
2011,Nick,Heidfeld,#FFF500
2011,Kamui,Kobayashi,#9B0000
2011,Sergio,Pérez,#9B0000
2011,Jaime,Alguersuari,#469BFF
2011,Sébastien,Buemi,#469BFF
2011,Rubens,Barrichello,#005AFF
2011,Pastor,Maldonado,#005AFF
2011,Jarno,Trulli,#000000
2011,Heikki,Kovalainen,#000000
2011,Vitantonio,Liuzzi,#000000
2011,Narain,Karthikeyan,#000000
2011,Jérôme,d'Ambrosio,#FF8C00
2011,Timo,Glock,#FF8C00
2012,Sebastian,Vettel,#0600EF
2012,Mark,Webber,#0600EF
2012,Fernando,Alonso,#DC0000
2012,Felipe,Massa,#DC0000
2012,Kimi,Räikkönen,#000000
2012,Romain,Grosjean,#000000
2012,Lewis,Hamilton,#FF8700
2012,Jenson,Button,#FF8700
2012,Nico,Rosberg,#00D2BE
2012,Michael,Schumacher,#00D2BE
2012,Sergio,Pérez,#9B0000
2012,Kamui,Kobayashi,#9B0000
2012,Nico,Hülkenberg,#F596C8
2012,Paul,di Resta,#F596C8
2012,Pastor,Maldonado,#005AFF
2012,Bruno,Senna,#005AFF
2012,Jean-Éric,Vergne,#469BFF
2012,Daniel,Ricciardo,#469BFF
2012,Vitaly,Petrov,#008000
2012,Heikki,Kovalainen,#008000
2012,Timo,Glock,#FF8C00
2012,Charles,Pic,#FF8C00
2012,Narain,Karthikeyan,#000000
2012,Pedro,de la Rosa,#000000
2013,Sebastian,Vettel,#0600EF
2013,Mark,Webber,#0600EF
2013,Fernando,Alonso,#DC0000
2013,Felipe,Massa,#DC0000
2013,Lewis,Hamilton,#00D2BE
2013,Nico,Rosberg,#00D2BE
2013,Kimi,Räikkönen,#000000
2013,Romain,Grosjean,#000000
2013,Jenson,Button,#FF8700
2013,Sergio,Pérez,#FF8700
2013,Nico,Hülkenberg,#9B0000
2013,Esteban,Gutiérrez,#9B0000
2013,Paul,di Resta,#F596C8
2013,Adrian,Sutil,#F596C8
2013,Daniel,Ricciardo,#469BFF
2013,Jean-Éric,Vergne,#469BFF
2013,Valtteri,Bottas,#005AFF
2013,Pastor,Maldonado,#005AFF
2013,Jules,Bianchi,#FF8C00
2013,Max,Chilton,#FF8C00
2013,Charles,Pic,#008000
2013,Giedo,van der Garde,#008000
2014,Lewis,Hamilton,#00D2BE
2014,Nico,Rosberg,#00D2BE
2014,Daniel,Ricciardo,#0600EF
2014,Sebastian,Vettel,#0600EF
2014,Valtteri,Bottas,#005AFF
2014,Felipe,Massa,#005AFF
2014,Fernando,Alonso,#DC0000
2014,Kimi,Räikkönen,#DC0000
2014,Jenson,Button,#FF8700
2014,Kevin,Magnussen,#FF8700
2014,Nico,Hülkenberg,#F596C8
2014,Sergio,Pérez,#F596C8
2014,Jean-Éric,Vergne,#469BFF
2014,Daniil,Kvyat,#469BFF
2014,Romain,Grosjean,#000000
2014,Pastor,Maldonado,#000000
2014,Jules,Bianchi,#FF8C00
2014,Max,Chilton,#FF8C00
2014,Adrian,Sutil,#9B0000
2014,Esteban,Gutiérrez,#9B0000
2014,Marcus,Ericsson,#008000
2014,Kamui,Kobayashi,#008000
2015,Lewis,Hamilton,#00D2BE
2015,Nico,Rosberg,#00D2BE
2015,Sebastian,Vettel,#DC0000
2015,Kimi,Räikkönen,#DC0000
2015,Valtteri,Bottas,#005AFF
2015,Felipe,Massa,#005AFF
2015,Daniil,Kvyat,#0600EF
2015,Daniel,Ricciardo,#0600EF
2015,Sergio,Pérez,#F596C8
2015,Nico,Hülkenberg,#F596C8
2015,Romain,Grosjean,#000000
2015,Pastor,Maldonado,#000000
2015,Max,Verstappen,#469BFF
2015,Carlos,Sainz,#469BFF
2015,Felipe,Nasr,#9B0000
2015,Marcus,Ericsson,#9B0000
2015,Jenson,Button,#FF8700
2015,Fernando,Alonso,#FF8700
2015,Roberto,Merhi,#FF8C00
2015,Alexander,Rossi,#FF8C00
2016,Nico,Rosberg,#00D2BE
2016,Lewis,Hamilton,#00D2BE
2016,Daniel,Ricciardo,#0600EF
2016,Daniil,Kvyat,#0600EF
2016,Sebastian,Vettel,#DC0000
2016,Kimi,Räikkönen,#DC0000
2016,Max,Verstappen,#469BFF
2016,Carlos,Sainz,#469BFF
2016,Sergio,Pérez,#F596C8
2016,Nico,Hülkenberg,#F596C8
2016,Valtteri,Bottas,#005AFF
2016,Felipe,Massa,#005AFF
2016,Fernando,Alonso,#FF8700
2016,Jenson,Button,#FF8700
2016,Romain,Grosjean,#FFFFFF
2016,Esteban,Gutiérrez,#FFFFFF
2016,Kevin,Magnussen,#FFF500
2016,Jolyon,Palmer,#FFF500
2016,Felipe,Nasr,#9B0000
2016,Marcus,Ericsson,#9B0000
2016,Pascal,Wehrlein,#FF8C00
2016,Esteban,Ocon,#FF8C00
2017,Lewis,Hamilton,#00D2BE
2017,Valtteri,Bottas,#00D2BE
2017,Sebastian,Vettel,#DC0000
2017,Kimi,Räikkönen,#DC0000
2017,Daniel,Ricciardo,#0600EF
2017,Max,Verstappen,#0600EF
2017,Sergio,Pérez,#F596C8
2017,Esteban,Ocon,#F596C8
2017,Carlos,Sainz,#469BFF
2017,Daniil,Kvyat,#469BFF
2017,Nico,Hülkenberg,#FFF500
2017,Jolyon,Palmer,#FFF500
2017,Felipe,Massa,#005AFF
2017,Lance,Stroll,#005AFF
2017,Romain,Grosjean,#FFFFFF
2017,Kevin,Magnussen,#FFFFFF
2017,Fernando,Alonso,#FF8700
2017,Stoffel,Vandoorne,#FF8700
2017,Pascal,Wehrlein,#9B0000
2017,Marcus,Ericsson,#9B0000
2018,Lewis,Hamilton,#00D2BE
2018,Valtteri,Bottas,#00D2BE
2018,Sebastian,Vettel,#DC0000
2018,Kimi,Räikkönen,#DC0000
2018,Max,Verstappen,#0600EF
2018,Daniel,Ricciardo,#0600EF
2018,Nico,Hülkenberg,#FFF500
2018,Carlos,Sainz,#FFF500
2018,Sergio,Pérez,#F596C8
2018,Esteban,Ocon,#F596C8
2018,Kevin,Magnussen,#FFFFFF
2018,Romain,Grosjean,#FFFFFF
2018,Fernando,Alonso,#FF8700
2018,Stoffel,Vandoorne,#FF8700
2018,Charles,Leclerc,#9B0000
2018,Marcus,Ericsson,#9B0000
2018,Pierre,Gasly,#469BFF
2018,Brendon,Hartley,#469BFF
2018,Lance,Stroll,#005AFF
2018,Sergey,Sirotkin,#005AFF
2019,Lewis,Hamilton,#00D2BE
2019,Valtteri,Bottas,#00D2BE
2019,Max,Verstappen,#0600EF
2019,Pierre,Gasly,#0600EF
2019,Charles,Leclerc,#DC0000
2019,Sebastian,Vettel,#DC0000
2019,Carlos,Sainz,#FF8700
2019,Lando,Norris,#FF8700
2019,Alexander,Albon,#469BFF
2019,Daniil,Kvyat,#469BFF
2019,Daniel,Ricciardo,#FFF500
2019,Nico,Hülkenberg,#FFF500
2019,Sergio,Pérez,#F596C8
2019,Lance,Stroll,#F596C8
2019,Kimi,Räikkönen,#900000
2019,Antonio,Giovinazzi,#900000
2019,Kevin,Magnussen,#FFFFFF
2019,Romain,Grosjean,#FFFFFF
2019,Robert,Kubica,#005AFF
2019,George,Russell,#005AFF
2020,Lewis,Hamilton,#00D2BE
2020,Valtteri,Bottas,#00D2BE
2020,Max,Verstappen,#0600EF
2020,Alexander,Albon,#0600EF
2020,Sergio,Pérez,#F596C8
2020,Lance,Stroll,#F596C8
2020,Daniel,Ricciardo,#FFF500
2020,Esteban,Ocon,#FFF500
2020,Carlos,Sainz,#FF8700
2020,Lando,Norris,#FF8700
2020,Charles,Leclerc,#DC0000
2020,Sebastian,Vettel,#DC0000
2020,Pierre,Gasly,#2B4562
2020,Daniil,Kvyat,#2B4562
2020,Kimi,Räikkönen,#900000
2020,Antonio,Giovinazzi,#900000
2020,George,Russell,#005AFF
2020,Nicholas,Latifi,#005AFF
2020,Romain,Grosjean,#FFFFFF
2020,Kevin,Magnussen,#FFFFFF
2021,Max,Verstappen,#0600EF
2021,Sergio,Pérez,#0600EF
2021,Lewis,Hamilton,#00D2BE
2021,Valtteri,Bottas,#00D2BE
2021,Carlos,Sainz,#DC0000
2021,Charles,Leclerc,#DC0000
2021,Lando,Norris,#FF8700
2021,Daniel,Ricciardo,#FF8700
2021,Pierre,Gasly,#2B4562
2021,Yuki,Tsunoda,#2B4562
2021,Fernando,Alonso,#0090FF
2021,Esteban,Ocon,#0090FF
2021,Sebastian,Vettel,#006F62
2021,Lance,Stroll,#006F62
2021,George,Russell,#005AFF
2021,Nicholas,Latifi,#005AFF
2021,Kimi,Räikkönen,#900000
2021,Antonio,Giovinazzi,#900000
2021,Mick,Schumacher,#FFFFFF
2021,Nikita,Mazepin,#FFFFFF
2022,Max,Verstappen,#0600EF
2022,Sergio,Pérez,#0600EF
2022,Charles,Leclerc,#DC0000
2022,Carlos,Sainz,#DC0000
2022,George,Russell,#00D2BE
2022,Lewis,Hamilton,#00D2BE
2022,Lando,Norris,#FF8700
2022,Daniel,Ricciardo,#FF8700
2022,Esteban,Ocon,#0090FF
2022,Fernando,Alonso,#0090FF
2022,Valtteri,Bottas,#900000
2022,Guanyu,Zhou,#900000
2022,Sebastian,Vettel,#006F62
2022,Lance,Stroll,#006F62
2022,Kevin,Magnussen,#FFFFFF
2022,Mick,Schumacher,#FFFFFF
2022,Pierre,Gasly,#2B4562
2022,Yuki,Tsunoda,#2B4562
2022,Alexander,Albon,#005AFF
2022,Nicholas,Latifi,#005AFF
2023,Max,Verstappen,#0600EF
2023,Sergio,Pérez,#0600EF
2023,Lewis,Hamilton,#00D2BE
2023,George,Russell,#00D2BE
2023,Fernando,Alonso,#006F62
2023,Lance,Stroll,#006F62
2023,Charles,Leclerc,#DC0000
2023,Carlos,Sainz,#DC0000
2023,Lando,Norris,#FF8700
2023,Oscar,Piastri,#FF8700
2023,Pierre,Gasly,#0090FF
2023,Esteban,Ocon,#0090FF
2023,Alexander,Albon,#005AFF
2023,Logan,Sargeant,#005AFF
2023,Yuki,Tsunoda,#2B4562
2023,Daniel,Ricciardo,#2B4562
2023,Valtteri,Bottas,#900000
2023,Guanyu,Zhou,#900000
2023,Nico,Hülkenberg,#FFFFFF
2023,Kevin,Magnussen,#FFFFFF
2024,Max,Verstappen,#0600EF
2024,Sergio,Pérez,#0600EF
2024,Lewis,Hamilton,#00D2BE
2024,George,Russell,#00D2BE
2024,Fernando,Alonso,#006F62
2024,Lance,Stroll,#006F62
2024,Charles,Leclerc,#DC0000
2024,Carlos,Sainz,#DC0000
2024,Lando,Norris,#FF8700
2024,Oscar,Piastri,#FF8700
2024,Pierre,Gasly,#0090FF
2024,Esteban,Ocon,#0090FF
2024,Alexander,Albon,#005AFF
2024,Logan,Sargeant,#005AFF
2024,Yuki,Tsunoda,#2B4562
2024,Daniel,Ricciardo,#2B4562
2024,Valtteri,Bottas,#900000
2024,Guanyu,Zhou,#900000
2024,Nico,Hülkenberg,#FFFFFF
2024,Kevin,Magnussen,#FFFFFF